t (s),V (mV),,,lnV,t,,(lnV)^2,t^2,t*lnV
0,15.2234,,,2.7228337177616,0,,7.41382345457946,0,0
1.049,15.2137,,,2.72219633770053,1.049,,7.41035290099018,1.100401,2.85558395824786
2.061,15.2044,,,2.72158485964702,2.061,,7.40702414825988,4.247721,5.6091863957325
3.062,15.194,,,2.72090061308103,3.062,,7.40330014626472,9.375844,8.33139767725411
4.062,15.1836,,,2.72021589800108,4.062,,7.39957453173783,16.499844,11.0495169776804
5.062,15.1727,,,2.71949776038428,5.062,,7.39566806873512,25.623844,13.7660976630652
6.061,15.1606,,,2.71869995726746,6.061,,7.39132945764606,36.735721,16.478040440998
7.061,15.1507,,,2.71804673550844,7.061,,7.38777805640809,49.857721,19.1921279994251
8.062,15.1391,,,2.71728080106403,8.062,,7.38361495183119,64.995844,21.9067178181782
9.062,15.1287,,,2.7165936020995,9.062,,7.37988079896796,82.119844,24.6177712222257
10.062,15.1168,,,2.7158067081408,10.062,,7.37560607598255,101.243844,27.3264470973127
11.062,15.1037,,,2.71493974691775,11.062,,7.37089782939382,122.367844,30.0326634804042
12.061,15.0921,,,2.71417142810715,12.061,,7.36672654115318,145.467721,32.7356215944003
13.061,15.0802,,,2.71338262509133,13.061,,7.36244527014753,170.589721,35.4394904663179
14.062,15.0693,,,2.71265956165911,14.062,,7.35852189746059,197.739844,38.1454187560504
15.062,15.0571,,,2.71184964074809,15.062,,7.35412847402553,226.863844,40.8458792889477
16.061,15.0452,,,2.71105900344663,16.061,,7.34984092016901,257.955721,43.5423186543563
17.061,15.0328,,,2.71023448049281,17.061,,7.34537093925211,291.077721,46.2393104716878
18.062,15.0212,,,2.70946253662004,18.062,,7.34118723734751,326.235844,48.9383123364312
19.062,15.0092,,,2.70866334642353,19.062,,7.3368571242583,363.359844,51.6325407095253
20.061,14.9972,,,2.70786351701115,20.061,,7.33252482676001,402.443721,54.3224500147607
21.061,14.9856,,,2.70708974000709,21.061,,7.32833486045163,443.565721,57.0140170142892
22.061,14.974,,,2.70631536380849,22.061,,7.3241428483859,486.687721,59.7040232409792
23.061,14.9618,,,2.70550028616397,23.061,,7.31973179843334,531.809721,62.3915420992274
24.061,14.9499,,,2.70470461085111,24.061,,7.31542703195927,578.931721,65.0778976416887
25.061,14.9379,,,2.70390160757588,25.061,,7.31108390345141,628.053721,67.762478187459
26.061,14.926,,,2.7031046587092,26.061,,7.30677479593536,679.175721,70.4456105106204
27.062,14.9141,,,2.70230707420842,27.062,,7.30246352331686,732.351844,73.1298340422282
28.061,14.9023,,,2.70151556345487,28.061,,7.29818633958888,787.419721,75.8072282261071
29.062,14.89,,,2.70068984669592,29.062,,7.29372564804642,844.599844,78.4874483246768
30.061,14.8782,,,2.69989705434582,30.061,,7.28944410406525,903.663721,81.1616053506898
31.062,14.8668,,,2.69913053892756,31.062,,7.28530566617136,964.847844,83.8403928001678
32.061,14.8555,,,2.6983701670489,32.061,,7.28120155841953,1027.907721,86.5124459257549
33.062,14.8433,,,2.69754858498591,33.062,,7.27676836835947,1093.095844,89.1863513168041
34.061,14.8311,,,2.69672632737077,34.061,,7.27233288473463,1160.151721,91.8531954365757
35.061,14.8186,,,2.69588314846909,35.061,,7.2677859501996,1229.273721,94.5203590684747
36.062,14.8081,,,2.69517432835482,36.062,,7.26396466022287,1300.467844,97.1933766291316
37.061,14.7962,,,2.69437039104565,37.061,,7.25963180414351,1373.517721,99.856061062543
38.061,14.7848,,,2.69359962598941,38.061,,7.25547894513029,1448.639721,102.521095364783
39.061,14.7717,,,2.69271318809197,39.061,,7.25070431332443,1525.761721,105.180069840061
40.061,14.7599,,,2.69191404408162,40.061,,7.24640122072389,1604.883721,107.840768519954
41.062,14.7472,,,2.69105323425726,41.062,,7.24176750960647,1686.087844,110.500027905072
42.062,14.735,,,2.69022561618966,42.062,,7.23731386600302,1769.211844,113.156269868169
43.062,14.7235,,,2.68944485677664,43.062,,7.23311363764233,1854.335844,115.812874422516
44.062,14.7126,,,2.68870426950467,44.062,,7.22913064885265,1941.459844,118.469687522915
45.062,14.6977,,,2.68769101895811,45.062,,7.22368301338808,2030.583844,121.11273269629
46.061,14.6861,,,2.68690146821228,46.061,,7.21943949988132,2121.615721,123.761368527326
47.062,14.6744,,,2.686104479018,47.062,,7.21515727220058,2214.831844,126.413448991545
48.061,14.6621,,,2.68526593313007,48.061,,7.21065313162889,2309.859721,129.056566012164
49.061,14.6492,,,2.6843857264635,49.061,,7.20592672844097,2406.981721,131.698648126026
50.061,14.638,,,2.68362088717904,50.061,,7.20182106610359,2506.103721,134.34474523307
51.061,14.625,,,2.68273239311792,51.061,,7.1970530930842,2607.225721,136.982998724994
52.062,14.6142,,,2.68199365878243,52.062,,7.19308998574916,2710.451844,139.629953863531
53.061,14.6036,,,2.68126807366205,53.061,,7.18919848283942,2815.469721,142.270765256582
54.061,14.5902,,,2.68035007045993,54.061,,7.18427650021456,2922.591721,144.902405159134
55.061,14.5772,,,2.67945866424197,55.061,,7.17949873338139,3031.713721,147.533673511827
56.062,14.5653,,,2.67864198752162,56.062,,7.1751228973138,3142.947844,150.170027104437
57.061,14.5521,,,2.67773531309985,57.061,,7.17026640702196,3255.957721,152.794254700791
58.062,14.5412,,,2.67698599964899,58.062,,7.16625404231669,3371.195844,155.43116111162
59.061,14.5297,,,2.67619483043167,59.061,,7.16201877042919,3488.201721,158.058742880125
60.062,14.5179,,,2.67538237083782,60.062,,7.15767083018982,3607.443844,160.688815957261
61.062,14.5073,,,2.67465197101483,61.062,,7.1537631660535,3728.567844,163.319598654107
62.062,14.4951,,,2.67381066128049,62.062,,7.1492634523772,3851.691844,165.94203726039
63.062,14.4834,,,2.67300316602464,63.062,,7.14494592557776,3976.815844,168.564925655846
64.061,14.4715,,,2.6721811980213,64.061,,7.14055235505855,4103.811721,171.182599726442
65.062,14.4599,,,2.67137930107738,65.062,,7.13626737022469,4233.063844,173.805280086697
66.062,14.4495,,,2.67065981188365,66.062,,7.13242383081042,4364.187844,176.429128492658
67.062,14.4373,,,2.66981513537221,67.062,,7.12791285706252,4497.311844,179.043142608331
68.061,14.426,,,2.66903213408148,68.061,,7.12373253275955,4632.299721,181.65699607772
69.061,14.4158,,,2.66832482729583,69.061,,7.1199573839633,4769.421721,184.277180897877
70.061,14.4052,,,2.66758925250814,70.061,,7.11603242009694,4908.543721,186.893970619973
71.061,14.3912,,,2.66661690866634,71.061,,7.11084573758522,5049.665721,189.492464146739
72.061,14.3831,,,2.66605390625002,72.061,,7.10784343103099,5192.787721,192.118510538283
73.061,14.3707,,,2.6651914115002,73.061,,7.10324525993442,5337.909721,194.721549715616
74.062,14.3591,,,2.66438388756127,74.062,,7.09894150029609,5485.179844,197.329599480563
75.061,14.347,,,2.66354086111625,75.061,,7.09444991883591,5634.153721,199.928040576247
76.061,14.3358,,,2.6627599052424,76.061,,7.09029031296653,5785.275721,202.532181152642
77.061,14.3242,,,2.661950414619,77.061,,7.08598000989024,5938.397721,205.132560900954
78.061,14.3132,,,2.66118218841543,78.061,,7.08189063993954,6093.519721,207.734542809897
79.061,14.3022,,,2.6604133715866,79.061,,7.07779930771679,6250.641721,210.334941571008
80.061,14.2916,,,2.65967195208408,80.061,,7.07385489270275,6409.763721,212.935996155804
81.062,14.2805,,,2.65889497030406,81.062,,7.06972246310825,6571.047844,215.535344082788
82.061,14.2669,,,2.65794216892608,82.061,,7.0646565733555,6734.007721,218.113392324243
83.061,14.2561,,,2.6571848852942,83.061,,7.06063151463595,6899.129721,220.708433757422
84.061,14.2442,,,2.65634980631668,84.061,,7.05619429351865,7066.251721,223.295421068786
85.061,14.2326,,,2.65553510799091,85.061,,7.05186670977229,7235.373721,225.882471820815
86.061,14.222,,,2.65479006146133,86.061,,7.04791027043383,7406.495721,228.473887479423
87.062,14.2102,,,2.65396001660532,87.062,,7.0435037697397,7579.791844,231.059066965692
88.062,14.2009,,,2.65330534288046,88.062,,7.040029242558,7754.915844,233.655375104739
89.062,14.1878,,,2.65238244039251,89.062,,7.03513261010253,7932.039844,236.226484906238
90.061,14.1763,,,2.65157155616702,90.061,,7.03083171747399,8110.983721,238.803185919958
91.062,14.1642,,,2.65071765445497,91.062,,7.02630408363923,8292.287844,241.379651049978
92.061,14.1527,,,2.64990541860766,92.061,,7.02199872756625,8475.227721,243.95294274244
93.061,14.144,,,2.64929050589529,93.061,,7.01874018462691,8660.349721,246.545623769121
94.061,14.1322,,,2.64845588167527,94.061,,7.01431855718035,8847.471721,249.116408686258
95.061,14.1218,,,2.64771970269391,95.061,,7.01041962403354,9036.593721,251.694882657786
96.062,14.1083,,,2.64676327667848,96.062,,7.00535584277381,9227.907844,254.253373884288
97.061,14.0968,,,2.64594782127238,97.061,,7.00103987289608,9420.837721,256.818341480519
98.062,14.086,,,2.64518139632322,98.062,,6.99698461945445,9616.155844,259.391778086248
99.061,14.0737,,,2.64430780741551,99.061,,6.99236378035861,9813.081721,261.947775710388
100.061,14.0638,,,2.64360412013636,100.061,,6.98864274400193,10012.203721,264.521671864964
101.062,14.052,,,2.64276473440358,101.062,,6.98420544140723,10213.527844,267.083089588295
102.062,14.0418,,,2.6420385955083,102.062,,6.98036794015544,10416.651844,269.651743134768
103.061,14.0323,,,2.64136181510482,103.061,,6.97679223829383,10621.569721,272.221390026518
104.061,14.0207,,,2.64053480903337,104.061,,6.97242407771691,10828.691721,274.776692762822
105.061,14.0097,,,2.63974994684342,105.061,,6.96827978185982,11037.813721,277.334769165316
106.061,13.9993,,,2.63900732836522,106.061,,6.96435967916532,11248.935721,279.895756253743
107.061,13.9889,,,2.63826415799494,107.061,,6.96043776736076,11462.057721,282.455199019097
108.061,13.9786,,,2.6375275887295,108.061,,6.95655178130923,11677.179721,285.013868765698
109.061,13.968,,,2.63676899909725,109.061,,6.95255075460029,11894.301721,287.568663810545
110.062,13.9561,,,2.63591668867576,110.062,,6.94805678963936,12113.643844,290.114262589031
111.061,13.9462,,,2.63520706972567,111.061,,6.94431630033217,12334.545721,292.668732370803
112.061,13.9357,,,2.63445389289796,112.061,,6.9403473138052,12557.667721,295.219537692038
113.062,13.9248,,,2.63367142305311,113.062,,6.93622516460661,12783.015844,297.768158433231
114.061,13.913,,,2.63282365485974,114.061,,6.931760397589,13009.911721,300.302498896957
115.061,13.9002,,,2.63190322852234,115.061,,6.92691460430632,13239.033721,302.829417377009
116.061,13.8927,,,2.63136352232529,116.061,,6.92407398662414,13470.155721,305.398681764595
117.061,13.8791,,,2.6303841114778,117.061,,6.91892057391485,13703.277721,307.915394473703
118.061,13.8698,,,2.62971381461211,118.061,,6.91539474676175,13938.399721,310.46664266692
119.062,13.8607,,,2.62905749753693,119.062,,6.91194332535512,14175.759844,313.020843771741
120.062,13.8515,,,2.62839353001807,120.062,,6.90845254864086,14414.883844,315.57018400103
121.061,13.8384,,,2.62744733657011,121.061,,6.90347950644937,14655.765721,318.081402012514
122.061,13.828,,,2.62669552205938,122.061,,6.89952936560679,14898.887721,320.61708211809
123.061,13.8162,,,2.62584181670949,123.061,,6.8950452463802,15144.009721,323.138719806087
124.062,13.805,,,2.62503084538212,124.062,,6.89078693920756,15391.379844,325.666576739796
125.062,13.7961,,,2.62438594352614,125.062,,6.88740158057761,15640.503844,328.210954869267
126.061,13.7864,,,2.62368259898523,126.061,,6.88371038021789,15891.375721,330.744052110677
127.062,13.7759,,,2.62292068865787,127.062,,6.87971293898946,16144.751844,333.273548542246
128.061,13.7645,,,2.62209281392467,128.061,,6.87537072483538,16399.619721,335.787827844007
129.061,13.7543,,,2.62135150249633,129.061,,6.87148369963975,16656.741721,338.314246263678
130.062,13.7436,,,2.62057326120953,130.062,,6.86740421736637,16916.123844,340.836999499434
131.062,13.7335,,,2.61983810353606,131.062,,6.86355168873943,17177.247844,343.361221525643
132.061,13.7248,,,2.61920441534042,132.061,,6.86023176933877,17440.107721,345.894754294272
133.062,13.7137,,,2.61839533316716,133.062,,6.85599412075158,17705.495844,348.408919821889
134.061,13.7034,,,2.61764397722619,134.061,,6.85205999150857,17972.351721,350.923969230921
135.062,13.6915,,,2.6167752023266,135.062,,6.84751245951141,18241.743844,353.426892376635
136.061,13.6816,,,2.61605186441955,136.061,,6.84372735733302,18512.595721,355.942632724789
137.062,13.6708,,,2.61526217133513,137.062,,6.83959622481652,18785.991844,358.453063727535
138.061,13.6628,,,2.61467681117558,138.061,,6.83653482689932,19060.839721,360.984895227712
139.062,13.6499,,,2.61373219559681,139.062,,6.83159599029931,19338.239844,363.470826584083
140.061,13.641,,,2.61307996351098,140.061,,6.82818689570256,19617.083721,365.990592769312
141.062,13.6305,,,2.61230992882137,141.062,,6.82416316421873,19898.487844,368.497663179401
142.061,13.6197,,,2.61151727404706,142.061,,6.8200224726462,20181.327721,370.9947554684
143.062,13.6099,,,2.61079746909781,143.062,,6.81626342464751,20466.735844,373.50590752407
144.061,13.5984,,,2.60995213876222,144.061,,6.81185016662951,20753.571721,375.992315062225
145.062,13.5891,,,2.60926800080451,145.062,,6.80827950002235,21042.983844,378.505634732703
146.061,13.5785,,,2.60848765947602,146.061,,6.80420786963869,21333.815721,380.998316030727
147.061,13.5673,,,2.6076624857375,147.061,,6.79990363952269,21626.937721,383.485452815043
148.061,13.5572,,,2.60691777151481,148.061,,6.79602026743972,21922.059721,385.982852168254
149.061,13.5472,,,2.60617988390588,149.061,,6.79217358727564,22219.181721,388.479779674894
150.062,13.5359,,,2.60534541512972,150.062,,6.78782473213747,22518.603844,390.963343685196
151.061,13.5259,,,2.60460636595671,151.061,,6.7839743215822,22819.425721,393.454442247786
152.062,13.5147,,,2.60377798192377,152.062,,6.77965977915104,23122.851844,395.935687487293
153.061,13.5046,,,2.60303036814618,153.061,,6.77576709749125,23427.669721,398.422431178823
154.062,13.4938,,,2.60223032069329,154.062,,6.77160264193551,23735.099844,400.90480766665
155.061,13.4838,,,2.60148896486787,155.061,,6.76774483432928,24043.913721,403.389480381376
156.062,13.473,,,2.60068768277371,156.062,,6.76357642333089,24355.347844,405.868521149031
157.062,13.4639,,,2.60001202964761,157.062,,6.7600625543123,24668.471844,408.363089400514
158.061,13.454,,,2.59927645960341,158.061,,6.75623811344846,24983.279721,410.844236481375
159.061,13.4434,,,2.5984882792924,159.061,,6.75214133761997,25300.401721,413.318144192528
160.062,13.4352,,,2.59787812844716,160.062,,6.74897077026413,25619.843844,415.82156899551
161.062,13.4249,,,2.59711119157761,161.062,,6.7449865414177,25940.967844,418.295922737874
162.061,13.414,,,2.59629893767755,162.061,,6.74076817378555,26263.767721,420.758802138961
163.061,13.4044,,,2.59558301126806,163.061,,6.73705116838338,26588.889721,423.238361400382
164.061,13.3973,,,2.5950531941172,164.061,,6.7343010802979,26916.011721,425.747022080063
165.062,13.3892,,,2.59444841183905,165.062,,6.73116256169417,27245.463844,428.244843754977
166.061,13.3772,,,2.59355176523704,166.061,,6.72651075896418,27576.255721,430.687799687029
167.061,13.3669,,,2.59278150185116,167.061,,6.72251591634154,27909.377721,433.152670480756
168.062,13.3585,,,2.59215288635604,168.062,,6.71925658624394,28244.835844,435.642398386769
169.062,13.3456,,,2.59118674250521,169.062,,6.71424873453476,28581.959844,438.071213061416
170.061,13.3342,,,2.59033216333342,170.061,,6.70982071639959,28920.743721,440.514478028644
171.062,13.327,,,2.58979205259759,171.062,,6.70702287569764,29262.207844,443.015008101449
172.061,13.3165,,,2.5890038678213,172.061,,6.70294102759364,29604.987721,445.4665945012
173.062,13.3064,,,2.58824512249419,173.062,,6.69901281411496,29950.455844,447.926877389089
174.061,13.299,,,2.58768884443103,174.061,,6.69613355559278,30297.231721,450.415707950509
175.061,13.2897,,,2.58698929910694,175.061,,6.69251363369382,30646.353721,452.88093369096
176.061,13.2803,,,2.58628173415458,176.061,,6.6888532084216,30997.475721,455.343348396989
177.061,13.2698,,,2.58549077664049,177.061,,6.68476255609302,31350.597721,457.789582402741
178.062,13.2601,,,2.58475952620741,178.062,,6.68098180831995,31706.075844,460.247450755544
179.061,13.2495,,,2.58395981587116,179.061,,6.67684833003692,32062.841721,462.686428589706
180.061,13.2397,,,2.58321989164188,180.061,,6.67302500857429,32421.963721,465.137156908929
181.062,13.2292,,,2.58242650766667,181.062,,6.66892666749945,32783.447844,467.579308331142
182.062,13.2204,,,2.58176109115188,182.062,,6.66549033178576,33146.571844,470.040587777294
183.061,13.2096,,,2.58094383798494,183.061,,6.66127109483244,33511.329721,472.470159925362
184.061,13.1996,,,2.58018652610288,184.061,,6.65736250948283,33878.451721,474.911712181022
185.061,13.1888,,,2.57936798457683,185.061,,6.65313919985992,34247.573721,477.340418593772
186.061,13.1793,,,2.57864741689003,186.061,,6.64942250063365,34618.695721,479.785717033977
187.062,13.1693,,,2.57788836324163,187.062,,6.64550841333663,34992.191844,482.224953004706
188.061,13.16,,,2.57718192589717,188.061,,6.64186667917105,35366.939721,484.667410166148
189.061,13.1497,,,2.57639894467532,189.061,,6.63783152212413,35744.061721,487.096560879262
190.061,13.1398,,,2.57564579224048,190.061,,6.63395124708607,36123.183721,489.529814919017
191.061,13.1303,,,2.57492253649237,191.061,,6.63022606893632,36504.305721,491.967274744769
192.061,13.1204,,,2.57416827085608,192.061,,6.62634228668217,36887.427721,494.397332268889
193.061,13.1107,,,2.57342869070563,193.061,,6.62253522614692,37272.549721,496.828716456321
194.061,13.1005,,,2.57265039741766,194.061,,6.61853006733324,37659.671721,499.251108773269
195.062,13.0906,,,2.57189441538777,195.062,,6.61464088390281,38049.183844,501.67886845437
196.062,13.0799,,,2.57107670073989,196.062,,6.61043540108751,38440.307844,504.090440100464
197.062,13.0708,,,2.57038073463823,197.062,,6.60685712099937,38833.431844,506.524368329279
198.062,13.0602,,,2.56956943766671,198.062,,6.60268709499081,39228.555844,508.934061963144
199.062,13.0498,,,2.56877280798077,199.062,,6.59859373902139,39625.679844,511.345052702267
200.061,13.0414,,,2.56812891269881,200.061,,6.59528611223959,40024.403721,513.782438403438
201.062,13.0316,,,2.56737717715158,201.062,,6.59142556975882,40425.927844,516.201989992451
202.061,13.0218,,,2.56662487607286,202.061,,6.58756325447602,40828.647721,518.614789084158
203.061,13.0135,,,2.56598728017182,203.061,,6.58429072200356,41233.769721,521.051943098969
204.062,13.002,,,2.56510319178228,204.062,,6.57975438449163,41641.299844,523.440087521475
205.062,12.9934,,,2.56444153623447,205.062,,6.5763603927646,42050.423844,525.869510303313
206.061,12.9836,,,2.56368702259048,206.061,,6.57249114979885,42461.135721,528.275911562017
207.062,12.9743,,,2.56297047769294,207.062,,6.56881766952559,42874.671844,530.693793052056
208.062,12.9655,,,2.5622919836153,208.062,,6.56534020929924,43289.795844,533.115594694967
209.061,12.9557,,,2.56153584574615,209.061,,6.56146588904245,43706.501721,535.517245447536
210.062,12.9457,,,2.56076368667391,210.062,,6.55751065898776,44126.043844,537.919141550095
211.061,12.9365,,,2.56005277335221,211.061,,6.55387020234834,44546.745721,540.327298396491
212.061,12.9278,,,2.55938003136204,212.061,,6.55042614493478,44969.867721,542.744688830666
213.062,12.9182,,,2.55863716976323,213.062,,6.54662416649399,45395.415844,545.148352664093
214.061,12.9096,,,2.55797122064501,214.061,,6.5432167656481,45822.111721,547.561877462491
215.061,12.8988,,,2.55713428378488,215.061,,6.53893574530802,46251.233721,549.93985620506
216.062,12.8907,,,2.5565061211399,216.062,,6.53572354742579,46682.787844,552.36382554573
217.061,12.8814,,,2.55578441042144,217.061,,6.53203395255325,47115.477721,554.761119910488
218.062,12.8728,,,2.5551165581628,218.062,,6.52862062579773,47551.035844,557.173826906097
219.061,12.862,,,2.55427722771267,219.061,,6.52433215601153,47987.721721,559.542523779965
220.062,12.8531,,,2.55358502738249,220.062,,6.52079649207202,48427.283844,561.947028295845
221.061,12.8438,,,2.55286120463297,221.061,,6.5171003301201,48867.965721,564.338050757369
222.061,12.8345,,,2.55213685758456,222.061,,6.51340253984158,49311.087721,566.730062732084
223.062,12.8239,,,2.55131061739787,223.062,,6.50918586644711,49756.655844,569.100448938004
224.061,12.8171,,,2.55078021685504,224.061,,6.50647971469903,50203.331721,571.530366168756
225.062,12.8081,,,2.55007778328417,225.062,,6.50289670079952,50652.903844,573.925606061502
226.061,12.7984,,,2.54932016311242,226.061,,6.49903329405154,51103.575721,576.301865393357
227.061,12.7905,,,2.54870270786808,227.061,,6.49588549309407,51556.697721,578.710985551233
228.062,12.7798,,,2.54786579937467,228.062,,6.4916201316231,52012.275844,581.071369936985
229.061,12.7714,,,2.54720829598519,229.061,,6.48827010313576,52468.941721,583.466079486663
230.061,12.7611,,,2.54640148109759,230.061,,6.48416050293602,52928.063721,585.827671142794
231.062,12.7526,,,2.54573517238389,231.062,,6.48076756791241,53389.647844,588.222660401365
232.061,12.7434,,,2.54501349052012,232.061,,6.4770936669294,53852.307721,590.598375623589
233.061,12.7348,,,2.54433840355741,233.061,,6.47365791181708,54317.429721,592.986052671494
234.062,12.7264,,,2.54367857603123,234.062,,6.47030069816029,54785.019844,595.378494863023
235.061,12.7175,,,2.54297899771478,235.061,,6.46674218281848,55253.673721,597.755186181835
236.062,12.7089,,,2.54230253542929,236.062,,6.46330218165019,55725.267844,600.141021118509
237.061,12.6995,,,2.54156262261078,237.061,,6.45954056465221,56197.917721,602.505376878735
238.061,12.6903,,,2.5408379221088,238.061,,6.45585734642616,56673.039721,604.874416575143
239.062,12.6811,,,2.54011269603509,239.062,,6.45217250855866,57150.639844,607.244421339541
240.061,12.6733,,,2.53949741819408,240.061,,6.4490471370144,57629.283721,609.634289709089
241.061,12.6631,,,2.53869225246011,241.061,,6.444958352701,58110.405721,611.979693070287
242.062,12.6537,,,2.53794966252521,242.062,,6.44118848951183,58594.011844,614.341171210178
243.061,12.6449,,,2.53725397182652,243.061,,6.43765771754946,59078.649721,616.707487646126
244.062,12.6353,,,2.53649448412773,244.062,,6.43380426801042,59566.259844,619.061916785183
245.061,12.6264,,,2.53578986010257,245.061,,6.43023021459901,60054.893721,621.423198906596
246.061,12.617,,,2.5350451109456,246.061,,6.42645371452921,60546.015721,623.775735044386
247.061,12.6076,,,2.53429980672392,247.061,,6.42267551036091,61039.137721,626.126644549019
248.061,12.5988,,,2.53360157132676,248.061,,6.41913692222942,61534.259721,628.487739384887
249.062,12.5888,,,2.53280752977255,249.062,,6.41511398287252,62031.879844,630.82610898021
250.061,12.5799,,,2.5321003021151,250.061,,6.4115319399714,62530.503721,633.179533647205
251.062,12.5707,,,2.53136870919801,251.062,,6.4078275419068,63032.127844,635.530490868671
252.061,12.5626,,,2.53072414598662,252.061,,6.40456470307969,63534.747721,637.896858961533
253.061,12.5532,,,2.52997561315558,253.061,,6.40077660316195,64039.869721,640.238158640764
254.061,12.5437,,,2.52921854750574,254.061,,6.39694646104703,64546.991721,642.575793397855
255.061,12.5356,,,2.52857259643999,255.061,,6.39367937546726,65056.113721,644.94025502058
256.062,12.5259,,,2.52779850067681,256.062,,6.38976526002395,65567.747844,647.273139680307
257.061,12.5171,,,2.52709570944875,257.061,,6.38621272471428,66080.357721,649.617750166605
258.062,12.5078,,,2.52635244970121,258.062,,6.38245670011129,66595.995844,651.955565874793
259.061,12.4994,,,2.52568064315622,259.061,,6.37906271121401,67112.601721,654.305353096693
260.061,12.4899,,,2.52492031770031,260.061,,6.37522261073584,67631.723721,656.633302741461
261.062,12.4807,,,2.5241834511119,261.062,,6.37150209486719,68153.367844,658.968380114175
262.061,12.4716,,,2.52345405940024,262.061,,6.36782038990355,68675.967721,661.298894260486
263.061,12.4639,,,2.52283646598966,263.061,,6.3647038341272,69201.089721,663.659883579706
264.062,12.4536,,,2.5220097377395,264.062,,6.36053311725287,69728.739844,665.966935366969
265.061,12.4455,,,2.52135911179031,265.061,,6.35725177060803,70257.333721,668.313967530252
266.062,12.4354,,,2.52054724400782,266.062,,6.35315840927539,70788.987844,670.621840835207
267.062,12.4267,,,2.51984738354912,267.062,,6.34963083637933,71322.111844,672.955481945394
268.061,12.4176,,,2.51911482111774,268.061,,6.34593948197505,71856.699721,675.276438063642
269.062,12.4092,,,2.51843813299679,269.062,,6.34253062973237,72394.359844,677.616000940383
270.062,12.4004,,,2.51772873015523,270.062,,6.33895795864905,72933.483844,679.942856323181
271.062,12.3907,,,2.51694619122029,271.062,,6.33501812949831,73474.607844,682.248468484553
272.061,12.3825,,,2.51628418548026,272.061,,6.33168610209803,74017.187721,684.582791785944
273.061,12.3737,,,2.51557325243151,273.061,,6.32810878834886,74562.309721,686.904947882201
274.062,12.3645,,,2.51482946343925,274.062,,6.32436723018217,75109.979844,689.219192409089
275.062,12.3564,,,2.51417414746857,275.062,,6.3210716437993,75659.103844,691.553769351
276.061,12.3484,,,2.51352650002519,276.061,,6.31781546632886,76209.675721,693.886639123453
277.062,12.339,,,2.5127649779164,277.062,,6.31398783424319,76763.351844,696.191690311473
278.061,12.3302,,,2.51205153764486,278.061,,6.31040292778392,77317.919721,698.503562609068
279.061,12.3216,,,2.51135381980285,279.061,,6.30689800823836,77875.041721,700.820908308003
280.062,12.3127,,,2.5106312500211,280.062,,6.30326927358253,78434.723844,703.13240914341
281.062,12.3036,,,2.50989190248191,281.062,,6.29955736214426,78995.847844,705.43523789537
282.062,12.2953,,,2.50921707553314,282.062,,6.29617033214711,79558.971844,707.75478675903
283.061,12.2866,,,2.50850923762287,283.061,,6.29261859523929,80123.529721,710.061133310768
284.061,12.2778,,,2.5077927535747,284.061,,6.28902449488178,80690.651721,712.366117373183
285.062,12.2699,,,2.50714910873036,285.062,,6.28579665340743,81260.343844,714.692939232894
286.061,12.2593,,,2.50628483263005,286.061,,6.28146366227145,81830.895721,716.950345506985
287.061,12.2524,,,2.50572183616859,287.061,,6.27864192025207,82404.017721,719.29501601239
288.062,12.2444,,,2.50506868961194,288.062,,6.27536913967409,82979.715844,721.615096866995
289.061,12.2349,,,2.50429252358784,289.061,,6.27148104369794,83556.261721,723.893301160824
290.061,12.2263,,,2.5035893691756,290.061,,6.26795972944907,84135.383721,726.193636012443
291.062,12.2187,,,2.50296756510566,291.062,,6.26484663197093,84717.087844,728.518745434782
292.062,12.209,,,2.50217338468672,292.062,,6.26087164703459,85300.211844,730.789763078372
293.061,12.2005,,,2.50147693450596,293.061,,6.25738685386535,85884.749721,733.085331903252
294.062,12.1917,,,2.50075539234234,294.062,,6.25377753232928,86472.459844,735.377132182973
295.062,12.184,,,2.50012361559286,295.062,,6.25061809324512,87061.583844,737.691474264061
296.061,12.1746,,,2.4993518142195,296.061,,6.24675949124229,87652.115721,739.960597469638
297.062,12.166,,,2.49864517589851,297.062,,6.24322771504092,88245.831844,742.252533242764
298.061,12.158,,,2.49798738932653,298.061,,6.23994099723438,88840.359721,744.552619250055
299.061,12.1496,,,2.49729624743392,299.061,,6.23648854744755,89437.481721,746.843913053836
300.062,12.1411,,,2.49659639108174,300.062,,6.23299353996239,90037.203844,749.13370630077
301.061,12.133,,,2.49592901306974,301.061,,6.22966163828327,90637.725721,751.426884603788
302.062,12.1246,,,2.49523644658865,302.062,,6.22620492438437,91241.451844,753.716111529462
303.062,12.1157,,,2.49450213221136,303.062,,6.22254088760704,91846.575844,755.98880519224
304.061,12.1079,,,2.49385813212305,304.061,,6.21932838315629,92453.091721,758.284997511468
305.061,12.0989,,,2.4931145393793,305.061,,6.21562010646448,93062.213721,760.55201449759
306.061,12.0905,,,2.49242002026451,306.061,,6.21215755741536,93673.335721,762.832563822178
307.061,12.0821,,,2.49172501845767,307.061,,6.20869356760785,94286.457721,765.111575892629
308.061,12.074,,,2.49105438037423,308.061,,6.20535192598166,94901.579721,767.396703472467
309.062,12.0649,,,2.49030041060502,309.062,,6.20159613505951,95519.319844,769.657225502408
310.061,12.0565,,,2.48960393358962,310.061,,6.19812774614492,96137.823721,771.929085252732
311.061,12.0493,,,2.48900656696299,311.061,,6.1951536903849,96758.945721,774.232871726076
312.061,12.0395,,,2.48819291077915,312.061,,6.19110396125162,97382.067721,776.467967930653
313.062,12.0312,,,2.48750327563527,313.062,,6.18767254629618,98007.815844,778.742750476928
314.062,12.0227,,,2.48679652950646,314.062,,6.18415697916539,98634.939844,781.008291649859
315.061,12.0142,,,2.48608928353429,315.061,,6.18063992570402,99263.433721,783.269775759596
316.061,12.0065,,,2.48544816980623,316.061,,6.17745260479315,99894.555721,785.553233997127
317.061,11.9976,,,2.48470662978533,317.061,,6.17376703609919,100527.677721,787.803568746368
318.062,11.9895,,,2.48403126675205,318.062,,6.17041133420178,101163.435844,790.075952765689
319.061,11.9825,,,2.48344725205165,319.061,,6.16751025372289,101799.921721,792.371163686851
320.061,11.9727,,,2.48262905804394,320.061,,6.16344703984415,102439.043721,794.592738946602
321.061,11.9646,,,2.48195228996156,321.061,,6.16008716964545,103080.165721,796.85808416735
322.061,11.9564,,,2.4812666998674,322.061,,6.15668443587088,103723.287721,799.119234625996
323.062,11.9485,,,2.4806057474863,323.062,,6.15340487446204,104369.055844,801.389453994417
324.062,11.9395,,,2.47985223104073,324.062,,6.14966708779768,105016.179844,803.625873695521
325.062,11.9318,,,2.47920710486268,325.062,,6.14646786880158,105665.303844,805.896019920872
326.062,11.9242,,,2.47856994857016,326.062,,6.1433089899551,106316.427844,808.167474570685
327.062,11.9156,,,2.47784846597609,327.062,,6.13973302034008,106969.551844,810.410074979073
328.062,11.9077,,,2.47718524968871,328.062,,6.13644676127533,107624.675844,812.670347383379
329.061,11.9016,,,2.4766728448609,329.061,,6.13390838047137,108281.141721,814.976443002772
330.061,11.8899,,,2.47568930023839,330.061,,6.12903751131485,108940.263721,817.128486125983
331.061,11.8823,,,2.47504989788952,331.061,,6.12587199704292,109601.385721,819.392494245202
332.061,11.8745,,,2.4743932437711,332.061,,6.12262192482004,110264.507721,821.649494919874
333.061,11.8672,,,2.47377829200016,333.061,,6.11957903797121,110929.629721,823.919071711864
334.061,11.8579,,,2.4729943121243,334.061,,6.11570086779915,111596.751721,826.130952902556
335.061,11.8506,,,2.47237849921073,335.061,,6.1126554433595,112265.873721,828.397612324046
336.062,11.8422,,,2.47166942300598,336.062,,6.10914973662271,112937.667844,830.634169634236
337.061,11.8342,,,2.470993644568,337.061,,6.10580959149546,113610.117721,832.875588831736
338.062,11.8251,,,2.47022439100186,338.062,,6.10200854190051,114285.915844,835.08899807087
339.062,11.8183,,,2.46964917760721,339.062,,6.09916706045598,114963.039844,837.364189457857
340.061,11.8093,,,2.46888735664907,340.061,,6.09540477982164,115641.483721,839.57230338944
341.062,11.8014,,,2.46821816850177,341.062,,6.09210092732221,116323.287844,841.815424985549
342.062,11.7935,,,2.46754853224179,342.062,,6.08879575896863,117006.411844,844.054586035692
343.062,11.7861,,,2.46692087102252,343.062,,6.08569858388653,117691.535844,846.306807854729
344.062,11.7774,,,2.46618244078972,344.062,,6.08205583125954,118378.659844,848.519662942993
345.061,11.7699,,,2.46554542505937,345.061,,6.0789142430312,119067.093721,850.763569916412
346.062,11.7607,,,2.46476346450853,346.062,,6.07505893597611,119758.907844,852.960974054752
347.061,11.7528,,,2.46409151007408,347.061,,6.07174697001916,120451.337721,855.19006357782
348.061,11.745,,,2.46342761811088,348.061,,6.06847562967143,121146.459721,857.42308018729
349.062,11.7368,,,2.4627292048433,349.062,,6.0650351363881,121844.279844,859.645181701011
350.062,11.7284,,,2.46201325097469,350.062,,6.06150924797497,122543.403844,861.857282662702
351.061,11.721,,,2.46138210474104,351.061,,6.05840186553945,123243.825721,864.095263072495
352.061,11.7121,,,2.46062249543387,352.061,,6.05466306503521,123946.947721,866.289216364944
353.062,11.7046,,,2.45998192692879,353.062,,6.05151108081629,124652.775844,868.526139085333
354.062,11.6963,,,2.45927255247327,354.062,,6.04802148734841,125359.899844,870.734958473792
355.062,11.688,,,2.4585626744484,355.062,,6.04453042419086,126069.023844,872.942180314997
356.061,11.6802,,,2.45789510054115,356.061,,6.04124832526419,126779.435721,875.160587393782
357.061,11.6713,,,2.4571328368381,357.061,,6.03750177786803,127492.557721,877.346307854247
358.061,11.664,,,2.4565071752663,358.061,,6.03442750213483,128207.679721,879.579415683027
359.061,11.652,,,2.45547783909719,359.061,,6.0293714182974,128924.801721,881.666328384075
360.061,11.6474,,,2.45508297913858,360.061,,6.02743243445598,129643.923721,883.979632551617
361.061,11.6412,,,2.4545505297731,361.061,,6.02481830320941,130365.045721,886.242468830406
362.062,11.6258,,,2.45322676630993,362.062,,6.01832156693946,131088.891844,888.220189463705
363.062,11.6241,,,2.45308052912155,363.062,,6.01760408235526,131814.015844,890.620323063928
364.062,11.6201,,,2.45273635723871,364.062,,6.01591563812064,132541.139844,892.948103689041
365.062,11.612,,,2.45203904616238,365.062,,6.01249548390493,133270.263844,895.146278270132
366.061,11.5981,,,2.45084129159332,366.061,,6.00662303657879,134000.655721,897.157414041941
367.061,11.5939,,,2.4504790977294,367.061,,6.00484780840872,134733.777721,899.475308091653
368.061,11.5839,,,2.44961620300941,368.061,,6.00061954204626,135468.899721,901.608189295848
369.061,11.5771,,,2.44902900900265,369.061,,5.99774308693648,136206.021721,903.841095091525
370.062,11.5685,,,2.4482858871656,370.062,,5.99410378529425,136945.883844,906.017571976276
371.062,11.561,,,2.44763736469319,371.062,,5.9909286690422,137687.007844,908.225215817783
372.062,11.5531,,,2.44695379922383,372.062,,5.98758289553593,138430.131844,910.418524446816
373.061,11.5455,,,2.44629575066034,373.061,,5.98436289969886,139174.509721,912.617539037099
374.061,11.5376,,,2.44561126718036,374.061,,5.98101447015952,139921.631721,914.807796212752
375.061,11.5295,,,2.44490896820624,375.061,,5.97757986281531,140670.753721,916.990002524401
376.062,11.5218,,,2.44424089306199,376.062,,5.97431354331645,141422.627844,919.186118726677
377.062,11.5137,,,2.44353763067707,377.062,,5.97087615253492,142175.751844,921.365186098358
378.061,11.505,,,2.44278172348733,378.061,,5.96718254860373,142930.119721,923.520501163343
379.062,11.4981,,,2.442181804328,379.062,,5.96425196539078,143687.999844,925.738319112182
380.062,11.4906,,,2.44152930981843,380.062,,5.96106537070247,144447.123844,927.932512548213
381.062,11.4839,,,2.44094605445358,381.062,,5.95821764075248,145208.247844,930.151785402189
382.061,11.4765,,,2.44030146635788,382.061,,5.95507124670842,145970.607721,932.344018538158
383.062,11.4693,,,2.43967390050824,383.062,,5.9520087408211,146736.495844,934.546363676488
384.061,11.4628,,,2.43910700954108,384.061,,5.94924300399241,147502.851721,936.765877191355
385.061,11.4548,,,2.43840885612842,385.061,,5.94583774964551,148271.973721,938.936152549665
386.062,11.4464,,,2.43767527008256,386.062,,5.94226072237209,149043.867844,941.093790118614
387.062,11.4367,,,2.43682748280016,387.062,,5.93812818093016,149816.991844,943.203319147595
388.061,11.4303,,,2.43626772418144,388.061,,5.93540042388822,150591.339721,945.420489313574
389.061,11.4236,,,2.43568139097862,389.061,,5.93254383835955,151368.461721,947.628637655534
390.062,11.4159,,,2.43500712050057,390.062,,5.92925967688848,152148.363844,949.803747436694
391.062,11.4078,,,2.43429733196146,391.062,,5.92580350039467,152929.487844,951.961183231512
392.061,11.4021,,,2.43379754896209,392.061,,5.92337050933388,153711.827721,954.197100843626
393.062,11.3931,,,2.43300790899687,393.062,,5.9195274852413,154497.735844,956.322954726126
394.061,11.3863,,,2.43241087832863,394.061,,5.91662268101146,155284.071721,958.518263125059
395.061,11.3779,,,2.43167287739899,395.061,,5.91303298267789,156073.193721,960.659118618123
396.062,11.3704,,,2.43101348744267,396.062,,5.90982657612815,156865.107844,962.832063863517
397.061,11.3628,,,2.43034486179532,397.061,,5.9065761472549,157657.437721,964.995161169311
398.061,11.3559,,,2.42973743265438,398.061,,5.90362399164188,158452.559721,967.183712179833
399.062,11.3485,,,2.42908557660339,399.062,,5.90045673846261,159250.479844,969.355748370501
400.062,11.3404,,,2.42837157104612,400.062,,5.89698848706501,160049.603844,971.499187455854
401.062,11.3333,,,2.42774529476726,401.062,,5.89394721626455,160850.727844,973.676383409945
402.061,11.3253,,,2.42703916108447,402.061,,5.89051908943759,161653.047721,975.817792144782
403.061,11.3177,,,2.42636787191913,403.061,,5.88726104988135,162458.169721,977.974260823595
404.062,11.3102,,,2.42570497343764,404.062,,5.88404461816009,163266.099844,980.135202977159
405.061,11.3037,,,2.42513010575192,405.061,,5.88125602982433,164074.413721,982.325625765979
406.062,11.2961,,,2.42445753340292,406.062,,5.87799433127417,164886.347844,984.480074928656
407.061,11.2875,,,2.4236959187431,407.061,,5.87430190653198,165698.657721,986.592084379487
408.062,11.2799,,,2.42302238078239,408.062,,5.87103745777236,166514.595844,988.743358746823
409.061,11.2712,,,2.42225079975693,409.061,,5.86729893692309,167330.901721,990.84833439937
410.061,11.2639,,,2.42160292153537,410.061,,5.86416070958864,168150.023721,993.004915607715
411.062,11.2559,,,2.42089243562195,411.062,,5.86072018485157,168971.967844,995.136886371629
412.061,11.2477,,,2.42016366330437,412.061,,5.85719215717883,169794.267721,997.255059264862
413.061,11.2402,,,2.41949663790155,413.061,,5.85396398081689,170619.389721,999.399700748251
414.062,11.2332,,,2.41887367918356,414.062,,5.85094987584702,171447.339844,1001.5636733501
415.061,11.2255,,,2.41818797606613,415.061,,5.84763308759082,172275.633721,1003.69551953399
416.061,11.2175,,,2.417475058868,416.061,,5.84418566024885,173106.755721,1005.81709046768
417.062,11.2109,,,2.41688651932077,417.062,,5.84134044727449,173940.711844,1007.99152552096
418.061,11.2025,,,2.41613696767816,418.061,,5.83771784658102,174774.999721,1010.0926368445
419.062,11.1955,,,2.41551191184926,419.062,,5.83469779628565,175612.959844,1012.24925280337
420.061,11.1884,,,2.41487752729267,420.061,,5.83163347182315,176451.243721,1014.39586899209
421.062,11.1805,,,2.41417118944606,421.062,,5.82822253195142,177293.207844,1016.51574937054
422.061,11.1721,,,2.41341959899167,422.061,,5.82459416079712,178135.487721,1018.61028937002
423.062,11.1649,,,2.41277492869133,423.062,,5.82148285652145,178981.455844,1020.75338688201
424.061,11.1545,,,2.41184300393057,424.061,,5.81698667560882,179827.731721,1022.7685560898
425.061,11.148,,,2.4112601096197,425.061,,5.81417531624322,180676.853721,1024.93263345506
426.061,11.1401,,,2.41055121111953,426.061,,5.81075714142983,181527.975721,1027.0418595608
427.061,11.1315,,,2.40977892709616,427.061,,5.80703447747673,182381.097721,1029.12259838461
428.061,11.124,,,2.40910493637172,428.061,,5.80378659445058,183236.219721,1031.24386816821
429.062,11.1178,,,2.40854742752256,429.062,,5.80110071062555,184094.199844,1033.41617634769
430.061,11.1095,,,2.40780059813836,430.061,,5.79750372039542,184952.463721,1035.50113303598
431.061,11.1018,,,2.40710725733359,431.061,,5.79416534830803,185813.585721,1037.61006145347
432.062,11.0953,,,2.40652159522585,432.062,,5.79134618828839,186677.571844,1039.76653347647
433.061,11.0879,,,2.40585442364786,433.061,,5.78813550778597,187541.829721,1041.88172255937
434.062,11.0804,,,2.40517778175054,434.062,,5.78488016182646,188409.819844,1043.9962783022
435.061,11.0725,,,2.40446455681522,435.061,,5.78144980498059,189278.073721,1046.08875455258
436.062,11.0658,,,2.40385927093468,436.062,,5.7785393944586,190150.067844,1048.23168140232
437.061,11.0578,,,2.40313606129893,437.061,,5.77506292911535,191022.317721,1050.31705008737
438.062,11.05,,,2.40243042796376,438.062,,5.77167196120614,191898.315844,1052.41347813466
439.061,11.0435,,,2.40184201959139,439.061,,5.76884508707483,192774.561721,1054.55515896381
440.062,11.0363,,,2.4011898397478,440.062,,5.76571264650807,193654.563844,1056.6724032591
441.061,11.0298,,,2.40060070073474,441.061,,5.76288372436814,194534.805721,1058.81134566677
442.061,11.0224,,,2.39992956585679,442.061,,5.75966192107358,195417.927721,1060.91526381222
443.062,11.0151,,,2.39926705874238,443.062,,5.75648241916629,196303.935844,1063.02406158051
444.061,11.0082,,,2.39864044963059,444.061,,5.75347600660405,197190.171721,1065.14267670341
445.061,11.0013,,,2.39801344763363,445.061,,5.75046849503174,198079.293721,1067.26226301727
446.062,10.9931,,,2.39726780325325,446.062,,5.74689292051467,198971.307844,1069.33007085475
447.062,10.9858,,,2.39660352976655,447.062,,5.74370847888948,199864.431844,1071.43036722449
448.061,10.9787,,,2.39595703198629,448.061,,5.74061009912453,200758.659721,1073.53490370881
449.062,10.9717,,,2.39531923037563,449.062,,5.73755421540729,201656.679844,1075.64684423094
450.062,10.9648,,,2.39469014184942,450.062,,5.73454087547081,202555.803844,1077.75903462103
451.061,10.9574,,,2.39401502709989,451.061,,5.7313079499801,203456.025721,1079.8468121387
452.062,10.9499,,,2.39333032380072,452.062,,5.72803003882405,204360.051844,1081.933692838
453.061,10.9427,,,2.39267256727481,453.061,,5.72488201418941,205264.269721,1084.02662600209
454.062,10.935,,,2.39196865412873,454.062,,5.72151404233441,206172.299844,1086.102071031
455.061,10.9278,,,2.39131000105042,455.061,,5.71836352112374,207080.513721,1088.191920388
456.062,10.9197,,,2.39056849741191,456.062,,5.71481774081824,207992.547844,1090.24745006667
457.061,10.9129,,,2.38994557570585,457.061,,5.71183985483596,208904.757721,1092.35091477769
458.062,10.9048,,,2.3892030592745,458.062,,5.70829125844661,209820.795844,1094.40313173739
459.061,10.8977,,,2.38855175779522,459.061,,5.70517949966663,210737.001721,1096.49095848523
460.061,10.8902,,,2.38786330224914,460.061,,5.70189115022815,211656.123721,1098.56277869604
461.062,10.8824,,,2.38714680533708,461.062,,5.69846987023104,212578.167844,1100.62268036233
462.061,10.8758,,,2.3865401374875,462.061,,5.69557382783885,213500.367721,1102.72712246761
463.062,10.868,,,2.3858226915641,463.062,,5.69214991558217,214426.415844,1104.78382720106
464.061,10.8602,,,2.38510473054247,464.061,,5.68872457565609,215352.611721,1106.83408636027
465.062,10.8524,,,2.38438625368245,465.062,,5.68529780674981,216282.663844,1108.88743991007
466.062,10.8454,,,2.38374102695505,466.062,,5.68222128358871,217213.787844,1110.97111050472
467.061,10.8393,,,2.38317841828065,467.061,,5.67953937335865,218145.977721,1113.08969522058
468.061,10.8316,,,2.38246778786622,468.061,,5.67615276022015,219081.099721,1115.14025525645
469.061,10.8238,,,2.38174741324027,469.061,,5.67272074047674,220018.221721,1117.1848234019
470.061,10.8171,,,2.38112821531283,470.061,,5.66977157775884,220957.343721,1119.27551001816
471.062,10.8095,,,2.38042537711238,471.062,,5.66642497600063,221899.407844,1121.32793899331
472.061,10.8025,,,2.37977758882395,472.061,,5.66334137226874,222841.587721,1123.40018835782
473.062,10.7955,,,2.37912938063383,473.062,,5.66025660979512,223787.655844,1125.4757030614
474.061,10.7879,,,2.37842513567575,474.061,,5.65690612601422,224733.831721,1127.51859824358
475.061,10.7803,,,2.37772039440717,475.061,,5.65355427397977,225682.953721,1129.56222828746
476.062,10.7734,,,2.37708013308445,476.062,,5.65050995910479,226635.027844,1131.63752231645
477.061,10.7666,,,2.37644874959087,477.061,,5.64750865943199,227587.197721,1133.71101692857
478.062,10.7596,,,2.37579837932145,478.062,,5.64441793918644,228543.275844,1135.77892481517
479.062,10.7534,,,2.37522198363776,479.062,,5.64167947155609,229500.399844,1137.87859392547
480.061,10.7459,,,2.37452428647513,480.061,,5.63836558706023,230458.563721,1139.91650348954
481.061,10.7388,,,2.37386335099468,481.061,,5.63522720919567,231419.685721,1141.97307749285
482.061,10.7312,,,2.37315538636334,482.061,,5.63186648782531,232382.807721,1144.0056587057
483.062,10.7247,,,2.37254949239488,483.062,,5.62899109386322,233348.895844,1146.08850289526
484.061,10.7169,,,2.37182193471784,484.061,,5.62553929000867,234315.051721,1148.10649754145
485.062,10.7102,,,2.37119655842162,485.062,,5.62257311867053,235285.143844,1150.17734502111
486.061,10.7027,,,2.37049604608497,486.061,,5.61925150450448,236255.295721,1152.20567865611
487.061,10.6958,,,2.36985114104591,487.061,,5.61619443071662,237228.417721,1154.26206660896
488.062,10.689,,,2.36921517529181,488.062,,5.613180546833,238204.515844,1156.32389688327
489.061,10.6818,,,2.36854135865674,489.061,,5.60998816766749,239180.661721,1158.36120540602
490.062,10.6749,,,2.36789519138931,490.062,,5.60692763740463,240160.763844,1160.41545328263
491.062,10.6682,,,2.36726735380058,491.062,,5.60395472436998,241141.887844,1162.47504129202
492.061,10.6612,,,2.3666109827586,492.061,,5.60084754371365,242124.027721,1164.51696678718
493.062,10.6533,,,2.36586970331393,493.062,,5.59733945305874,243110.135844,1166.52044765537
494.062,10.647,,,2.36527816233247,494.062,,5.59454078520686,244097.259844,1168.5940594383
495.061,10.6391,,,2.3645358938697,495.061,,5.59102999339816,245085.393721,1170.58950415503
496.062,10.6326,,,2.36392475322722,496.062,,5.58814023892036,246077.507844,1172.6532409354
497.061,10.6254,,,2.36324736116067,497.061,,5.58493809003288,247069.637721,1174.67809658588
498.061,10.6191,,,2.36265426645996,498.061,,5.58213518282143,248064.759721,1176.74594660731
499.061,10.6108,,,2.36187235034892,499.061,,5.57844099934271,249061.881721,1178.71837703748
500.061,10.6033,,,2.36116527342249,500.061,,5.57510144841629,250061.003721,1180.72666779292
501.061,10.5977,,,2.36063699644213,501.061,,5.57260702897134,251062.125721,1182.82313407429
502.06,10.59,,,2.35991015961332,502.06,,5.56917596144614,252064.2436,1184.81649473546
503.06,10.583,,,2.35924894011159,503.06,,5.56605556141765,253069.3636,1186.84377181254
504.061,10.5758,,,2.35856837218922,504.061,,5.5628447662913,254077.491721,1188.86233225407
505.06,10.5682,,,2.35784949209772,505.06,,5.55945422738549,255085.6036,1190.85546447888
506.06,10.5612,,,2.35718690818563,506.06,,5.55633012012173,256096.7236,1192.87800675642
507.061,10.554,,,2.35650493498348,507.061,,5.55311550860148,257110.857721,1194.89174883766
508.06,10.5472,,,2.35586042185291,508.06,,5.55007832725295,258124.9636,1196.91844592659
509.06,10.54,,,2.35517754311322,509.06,,5.5468612595848,259142.0836,1198.92668009721
510.061,10.5328,,,2.35449419773148,510.061,,5.54364292715118,260162.223721,1200.93566498911
511.06,10.5261,,,2.35385788717147,511.06,,5.54064695299933,261182.3236,1202.96261181785
512.06,10.5192,,,2.35320215879057,512.06,,5.53756040013661,262205.4436,1204.9806974303
513.061,10.5118,,,2.35249843568607,513.061,,5.53424888990541,263231.589721,1206.97519991153
514.06,10.5057,,,2.3519179670127,514.06,,5.53151812355715,264257.6836,1209.02695012255
515.06,10.4993,,,2.35130858827449,515.06,,5.52865207729338,265286.8036,1211.06500147666
516.06,10.4913,,,2.35054634227987,516.06,,5.52506810720527,266317.9236,1213.02294539695
517.06,10.485,,,2.34994566435388,517.06,,5.52224462541561,267351.0436,1215.06290521082
518.061,10.478,,,2.34927782098603,518.061,,5.51910628017686,268387.199721,1217.06921721784
519.061,10.4712,,,2.34862863149537,519.061,,5.51605644867983,269424.321721,1219.08152609262
520.06,10.4641,,,2.3479503512441,520.06,,5.51287085190731,270462.4036,1221.07505966801
521.06,10.4576,,,2.34732898680344,521.06,,5.50995337228765,271503.5236,1223.0992418638
522.061,10.451,,,2.34669766761237,522.061,,5.50698994317732,272547.687721,1225.11933105138
523.061,10.4438,,,2.34600850090247,523.061,,5.50375588630666,273592.809721,1227.10555249055
524.06,10.4372,,,2.34537634724893,524.06,,5.50079021023473,274638.8836,1229.11792853927
525.061,10.4299,,,2.34467668123901,525.061,,5.49750873954598,275689.053721,1231.09828292804
526.06,10.4231,,,2.34402449687791,526.06,,5.49445084196373,276739.1236,1233.09752682759
527.06,10.4168,,,2.34341988743238,527.06,,5.4916167688136,277792.2436,1235.12288587011
528.06,10.4086,,,2.34263238751173,528.06,,5.48792650301891,278847.3636,1237.05045854944
529.06,10.4013,,,2.34193079833548,529.06,,5.48463986419225,279904.4836,1239.02190816737
530.06,10.3952,,,2.34134416114413,530.06,,5.48189248092371,280963.6036,1241.05288605606
531.061,10.3886,,,2.34070905108516,531.061,,5.47891886183197,282025.785721,1243.05928937833
532.06,10.3813,,,2.34000611074355,532.06,,5.47562859831714,283087.8436,1245.02365128221
533.06,10.3747,,,2.33937015003605,533.06,,5.47265269887967,284152.9636,1247.02465217821
534.061,10.3675,,,2.3386759131384,534.061,,5.46940502669373,285221.151721,1248.99559684661
535.06,10.3605,,,2.338000498215,535.06,,5.46624632965359,286289.2036,1250.97054657492
536.06,10.3536,,,2.33733428532086,536.06,,5.4631315613364,287360.3236,1252.9514169891
537.06,10.3473,,,2.33672561611378,537.06,,5.46028660500231,288433.4436,1254.96185939006
538.061,10.3396,,,2.33598118361247,538.061,,5.45680809019154,289509.639721,1256.90037163571
539.061,10.3325,,,2.33529426740375,539.061,,5.45359931536882,290586.761721,1258.86606308093
540.06,10.3261,,,2.33467467070264,540.06,,5.4507058180205,291664.8036,1260.86440265967
541.06,10.3192,,,2.33400623766879,541.06,,5.44758511747682,292745.9236,1262.83741495307
542.06,10.3122,,,2.33332766032856,542.06,,5.44441797045435,293829.0436,1264.8035915577
543.06,10.3061,,,2.33273595294454,543.06,,5.44165702616007,294914.1636,1266.81558660606
544.061,10.2991,,,2.33205651277708,544.061,,5.43848757878598,296002.371721,1268.78099839801
545.06,10.2928,,,2.3314446216746,545.06,,5.43563402393541,297090.4036,1270.77720548996
546.06,10.2849,,,2.33067680016023,546.06,,5.43205434680513,298181.5236,1272.6893734955
547.061,10.2788,,,2.33008352169586,547.061,,5.42928921807856,299275.737721,1274.69782146246
548.06,10.2724,,,2.3294606869994,548.06,,5.42638709227572,300369.7636,1276.68422411689
549.06,10.2659,,,2.3288277231984,549.06,,5.42343856433746,301466.8836,1278.66614969932
550.06,10.259,,,2.32815536910558,550.06,,5.42030742269512,302566.0036,1280.62514233021
551.061,10.2526,,,2.32753133195512,551.061,,5.41740210123275,303668.225721,1282.61174331852
552.06,10.2458,,,2.32686786551389,552.06,,5.41431406356115,304770.2436,1284.5706738356
553.06,10.2389,,,2.32619419196622,553.06,,5.41117941873737,305875.3636,1286.52495980884
554.06,10.2323,,,2.3255493836278,554.06,,5.40817993569166,306982.4836,1288.49389149282
555.061,10.2264,,,2.32497261187168,555.061,,5.4054976459534,308092.713721,1290.5016229181
556.06,10.2194,,,2.32428787463728,556.06,,5.40231412418588,309202.7236,1292.44351557081
557.06,10.2127,,,2.32363204383769,557.06,,5.39926587514932,310315.8436,1294.40246634022
558.061,10.2061,,,2.32298558075172,558.061,,5.39626200838043,311432.079721,1296.36765617989
559.06,10.1997,,,2.32235830809299,559.06,,5.39334811116851,312548.0836,1298.33763572246
560.06,10.1935,,,2.32175026225506,560.06,,5.39052428028142,313667.2036,1300.31945187857
561.06,10.186,,,2.32101422846241,561.06,,5.38710704872497,314788.3236,1302.22824302112
562.061,10.1793,,,2.32035624647916,562.061,,5.38405311057488,315912.567721,1304.18175225233
563.06,10.1726,,,2.31969783127056,563.06,,5.38099802840132,317036.5636,1306.1290608752
564.06,10.1663,,,2.31907832872111,564.06,,5.37812429474389,318163.6836,1308.09932209843
565.06,10.1608,,,2.31853717920797,565.06,,5.37561465136966,319292.8036,1310.11261848326
566.061,10.1541,,,2.31787756481234,566.061,,5.37255640546038,320425.055721,1312.06009221524
567.061,10.147,,,2.31717809529695,567.061,,5.36931432532398,321558.177721,1313.98132789718
568.06,10.1408,,,2.31656689051446,568.06,,5.36648215822786,322692.1636,1315.94898782565
569.06,10.1348,,,2.31597504611281,569.06,,5.36374041421721,323829.2836,1317.92875974095
570.061,10.1285,,,2.31535323227172,570.061,,5.36086059019112,324969.543721,1319.89257894205
571.061,10.1217,,,2.31468163394128,571.061,,5.35775106650507,326110.665721,1321.82440856014
572.06,10.1157,,,2.31408867237746,572.06,,5.35500638362568,327252.6436,1323.79756592025
573.06,10.1091,,,2.31343600829828,573.06,,5.35198616449109,328397.7636,1325.73763891541
574.061,10.1029,,,2.31282251134653,574.061,,5.34914796899125,329546.031721,1327.7012036861
575.06,10.0967,,,2.3122086377852,575.06,,5.34630878464848,330694.0036,1329.65869924476
576.06,10.0895,,,2.3114952791238,576.06,,5.34301042541162,331845.1236,1331.55997049206
577.06,10.083,,,2.31085083741108,577.06,,5.34003159276348,332998.2436,1333.49958423644
578.061,10.0769,,,2.31024567566066,578.061,,5.33723508190877,334154.519721,1335.46292551808
579.061,10.0709,,,2.30965007711616,579.061,,5.3344834787227,335311.641721,1337.42828330496
580.061,10.0648,,,2.30904418805478,580.061,,5.33168506238958,336470.763721,1339.38648076725
581.061,10.0586,,,2.3084279899773,581.061,,5.32883978491066,337631.885721,1341.3374762842
582.06,10.0521,,,2.30778156790086,582.06,,5.32585576514297,338793.8436,1343.26733941238
583.06,10.0427,,,2.30684600241271,583.06,,5.32153847884752,339958.9636,1345.02963016676
584.06,10.0384,,,2.30641773901422,584.06,,5.31956278683948,341126.0836,1347.08634464865
585.06,10.0333,,,2.30590956082207,585.06,,5.31721890269061,342295.2036,1349.09544765456
586.06,10.0266,,,2.30524156145526,586.06,,5.31413865666066,343466.3236,1351.00986950647
587.061,10.0212,,,2.30470284896505,587.061,,5.3116552220276,344640.617721,1353.00115921627
588.061,10.0146,,,2.30404402823029,588.061,,5.30861888402366,345815.739721,1354.91843528513
589.06,10.0074,,,2.30332481932905,589.06,,5.30530522333718,346991.6836,1356.79651807397
590.06,10.0008,,,2.30266508979422,590.06,,5.30226651575701,348170.8036,1358.71056288398
591.061,9.995,,,2.30208496795236,591.061,,5.29959519967223,349353.105721,1360.67264324289
592.062,9.9879,,,2.30137436035299,592.062,,5.29632394649013,350537.411844,1362.55630653931
593.062,9.982,,,2.30078347104742,593.062,,5.293604580645,351722.535844,1364.50724690632
594.062,9.9753,,,2.30011203751165,594.062,,5.29051538510598,352909.659844,1366.40915722824
595.062,9.9695,,,2.29953043226482,595.062,,5.28784020891202,354098.783844,1368.36317808437
596.062,9.9626,,,2.29883808170711,596.062,,5.28465652590683,355289.907844,1370.2500246585
597.062,9.9559,,,2.29816534026045,597.062,,5.28156393117441,356483.031844,1372.14719438658
598.062,9.9501,,,2.29758260137125,598.062,,5.2788858101239,357678.155844,1374.0968457413
599.062,9.9436,,,2.29692912813789,599.062,,5.27588341968828,358875.279844,1376.00295736054
600.062,9.9373,,,2.29629535399176,600.062,,5.27297235276415,360074.403844,1377.919582707
601.062,9.9301,,,2.29557054849983,601.062,,5.2696441431398,361275.527844,1379.7802250224
602.062,9.9243,,,2.29498629511872,602.062,,5.26696209478273,362478.651844,1381.72403881176
603.062,9.9178,,,2.2943311225077,603.062,,5.26395529970744,363683.775844,1383.62391540174
604.061,9.9103,,,2.29357462033576,604.061,,5.26048453904834,364889.691721,1385.45897873464
605.061,9.9052,,,2.29305987176897,605.061,,5.25812357551714,366098.813721,1387.44109907241
606.062,9.8988,,,2.29241353767255,606.062,,5.25515982770437,367311.147844,1389.3447334689
607.062,9.8932,,,2.2918476524513,607.062,,5.25256566204655,368524.271844,1391.29361959239
608.061,9.8862,,,2.2911398453093,608.061,,5.24932179076394,369738.179721,1393.15278547862
609.062,9.8799,,,2.29050239025106,609.062,,5.24640119974584,370956.519844,1395.05796681109
610.062,9.8737,,,2.28987465655153,610.062,,5.24352594271697,372175.643844,1396.96551272514
611.061,9.8671,,,2.28920599061642,611.061,,5.24046406747409,373395.545721,1398.84450183206
612.061,9.8608,,,2.28856730122584,612.061,,5.23754029224013,374618.667721,1400.74279095559
613.062,9.8546,,,2.28793835124721,613.062,,5.23466189910779,375845.015844,1402.64806149232
614.062,9.849,,,2.28736992718757,614.062,,5.23206118380205,377072.139844,1404.58695222865
615.062,9.8435,,,2.28681133887801,615.062,,5.22950609962101,378301.263844,1406.53075571298
616.061,9.8368,,,2.28613045492209,616.061,,5.22639245692226,379531.155721,1408.39581418975
617.061,9.8289,,,2.28532702555777,617.061,,5.2227196137447,380764.277721,1410.1861797177
618.062,9.8249,,,2.28491997958648,618.062,,5.22085931311348,382000.635844,1412.22221242318
619.062,9.8197,,,2.28439057200155,619.062,,5.21844028544957,383237.759844,1414.17939628442
620.062,9.8171,,,2.28412576306983,620.062,,5.21723050151934,384476.883844,1416.29958890061
621.061,9.8076,,,2.28315759532795,621.061,,5.2128086051037,385716.765721,1417.98013931197
622.061,9.8002,,,2.28240279363155,622.061,,5.20936251237709,386959.887721,1419.79376420923
623.062,9.7941,,,2.28178016356086,623.062,,5.20652071481981,388206.255844,1421.69051226855
624.062,9.7881,,,2.28116736211998,624.062,,5.20372453400143,389453.379844,1423.58986633932
625.062,9.7815,,,2.28049284651923,625.062,,5.20064762302538,390702.503844,1425.449419631
626.061,9.7753,,,2.27985879593757,626.061,,5.1977561294139,391952.375721,1427.33067764347
627.061,9.7686,,,2.27917315998339,627.061,,5.19463029318866,393205.497721,1429.18060087234
628.062,9.7617,,,2.27846656558524,628.062,,5.19140989048979,394461.875844,1431.0182681146
629.062,9.7553,,,2.27781072706196,629.062,,5.18842170831854,395718.999844,1432.88417158705
630.061,9.7498,,,2.27724677197885,630.061,,5.1858528604881,396976.863721,1434.80437839977
631.061,9.7425,,,2.27649775823073,631.061,,5.18244204322953,398237.985721,1436.60895180684
632.062,9.7359,,,2.27582008447389,632.062,,5.17935705689475,399502.371844,1438.45939423274
633.062,9.7299,,,2.27520361865281,633.062,,5.17655150633083,400767.495844,1440.34495323158
634.062,9.7245,,,2.27464847430102,634.062,,5.17402568163997,402034.619844,1442.26816091226
635.061,9.7176,,,2.27393867440392,635.061,,5.17079709494988,403302.473721,1444.08976850563
636.062,9.7119,,,2.27335193772377,636.062,,5.16812903275242,404574.867844,1445.99278021246
637.062,9.7051,,,2.27265152053492,637.062,,5.16494493378966,405847.991844,1447.81992297501
638.061,9.6977,,,2.27188874399145,638.061,,5.16147846507504,407121.839721,1449.60360387993
639.061,9.6924,,,2.27134207325411,639.061,,5.1589948137343,408398.961721,1451.52613667585
640.062,9.6865,,,2.27073316354486,640.062,,5.15622910002247,409679.363844,1453.41001012485
641.062,9.6804,,,2.27010322274879,641.062,,5.15336864193445,410960.487844,1455.27691218179
642.062,9.6736,,,2.269400525603,642.062,,5.15017874560718,412243.611844,1457.09584026971
643.061,9.6675,,,2.26876974449932,643.061,,5.14731615355549,413527.449721,1458.95734066747
644.061,9.6612,,,2.2681178641118,644.061,,5.14435864550307,414814.571721,1460.80625967771
645.062,9.6542,,,2.26739305382504,645.062,,5.14107126053403,416104.983844,1462.60909808649
646.062,9.6481,,,2.26676100477357,646.062,,5.13820545276208,417396.107844,1464.46814826602
647.062,9.642,,,2.26612855598343,647.062,,5.13533863224355,418689.231844,1466.32567569175
648.062,9.6357,,,2.26547495101766,648.062,,5.13237675368849,419984.355844,1468.16822770641
649.061,9.6293,,,2.26481053365608,649.061,,5.12936675335955,421280.181721,1470.00018978535
650.062,9.6274,,,2.26461319974049,650.062,,5.12847294443887,422580.603844,1472.1389858497
651.062,9.6197,,,2.26381307916017,651.062,,5.12484965737664,423881.727844,1473.88267094418
652.061,9.6129,,,2.26310594644973,652.061,,5.12164852485614,425183.547721,1475.68312654796
653.062,9.6091,,,2.26271056615117,653.062,,5.11985910617214,426489.975844,1477.69028775181
654.062,9.601,,,2.26186725971549,654.062,,5.11604350057285,427797.099844,1479.40142362403
655.063,9.595,,,2.26124212945966,655.063,,5.11321596804327,429107.533969,1481.25605305024
656.062,9.5886,,,2.26057489283698,656.062,,5.11019884612493,430417.347844,1483.07728534442
657.062,9.5824,,,2.25992808252806,657.062,,5.10727493819896,431730.471844,1484.91286576205
658.062,9.5766,,,2.25932262293443,658.062,,5.10453871450332,433045.595844,1486.77436389348
,,,,,,,,,
,,,mean,2.48143604767987,329.061192716237,,6.17534280955377,144471.299356325,791.165632515585
,,,,,,,,,
,,,,,,k,-0.000701261436336394,,
,,,,,,dk,1.20970279046376E-06,,
